Matched name	Primary name	Type	Identifier	Peaktime	rank	Phenotypes
PLK1	PLK1	Homo sapiens protein	ENSP00000300093	M	1	M
CCNF	CCNF	Homo sapiens protein	ENSP00000380256	G2	2
MAPK13	MAPK13	Homo sapiens protein	ENSP00000211287	M	3	G1
AURKA	AURKA	Homo sapiens protein	ENSP00000216911	M	4	G2/M, M
CDCA8	CDCA8	Homo sapiens protein	ENSP00000316121	G2	5	G2/M, M
HJURP	HJURP	Homo sapiens protein	ENSP00000414109	G2	6	G1
CENPE	CENPE	Homo sapiens protein	ENSP00000265148	M	7	G2/M, M
UBE2C	UBE2C	Homo sapiens protein	ENSP00000348838	G2	8
TPX2	TPX2	Homo sapiens protein	ENSP00000300403	M	9	G2/M, M
KPNA2	KPNA2	Homo sapiens protein	ENSP00000332455	G2/M	10
KIF23	KIF23	Homo sapiens protein	ENSP00000260363	G2	11	G2/M, M
CKS2	CKS2	Homo sapiens protein	ENSP00000364976	M	12
DTL	DTL	Homo sapiens protein	ENSP00000355958	G1	13	G2, G2/M, M
TOP2A	TOP2A	Homo sapiens protein	ENSP00000411532	G2	14
BUB1	BUB1	Homo sapiens protein	ENSP00000302530	M	15	G2/M, M
ARL6IP1	ARL6IP1	Homo sapiens protein	ENSP00000306788	M	16
CDK1	CDK1	Homo sapiens protein	ENSP00000378699	G2	17	G2, G2/M, M
CCNA2	CCNA2	Homo sapiens protein	ENSP00000274026	G2	18
CENPF	CENPF	Homo sapiens protein	ENSP00000355922	M	19
DLGAP5	DLGAP5	Homo sapiens protein	ENSP00000247191	M	20
UBE2S	UBE2S	Homo sapiens protein	ENSP00000264552	M	21
NUF2	NUF2	Homo sapiens protein	ENSP00000271452	M	22	M
HMMR	HMMR	Homo sapiens protein	ENSP00000377492	M	23	G2/M, M
CDC20	CDC20	Homo sapiens protein	ENSP00000308450	M	24
ZC3HC1	ZC3HC1	Homo sapiens protein	ENSP00000351052	M	25
NUSAP1	NUSAP1	Homo sapiens protein	ENSP00000453403	G2	26	G2/M, M
FAM72B	FAM72B	Homo sapiens protein	ENSP00000358397	G2	27
FAM72A	FAM72A	Homo sapiens protein	ENSP00000356096	G2	28
LRRC17	LRRC17	Homo sapiens protein	ENSP00000344242	M	29
KIF11	KIF11	Homo sapiens protein	ENSP00000260731	G2	30	M
FAM64A	FAM64A	Homo sapiens protein	ENSP00000250056	M	31
NLRP2	NLRP2	Homo sapiens protein	ENSP00000409370	G2	32
BUB1B	BUB1B	Homo sapiens protein	ENSP00000287598	G2/M	33
TACC3	TACC3	Homo sapiens protein	ENSP00000326550	G2/M	34	G2/M, M
PIF1	PIF1	Homo sapiens protein	ENSP00000268043	G2	35
CCNE1	CCNE1	Homo sapiens protein	ENSP00000262643	G1	36	G1
PTTG1	PTTG1	Homo sapiens protein	ENSP00000344936	G1	37
BIRC5	BIRC5	Homo sapiens protein	ENSP00000301633	M	38
KIF20B	KIF20B	Homo sapiens protein	ENSP00000260753	G2/M	39
CDC6	CDC6	Homo sapiens protein	ENSP00000209728	G1/S	40	G2
CDKN3	CDKN3	Homo sapiens protein	ENSP00000335357	G1	41
DEPDC1B	DEPDC1B	Homo sapiens protein	ENSP00000265036	M	42
PCNA	PCNA	Homo sapiens protein	ENSP00000368438	G1/S	43	S
NCAPH	NCAPH	Homo sapiens protein	ENSP00000240423	G2	44
ARHGEF39	ARHGEF39	Homo sapiens protein	ENSP00000367638	G2	45
CCDC107	CCDC107	Homo sapiens protein	ENSP00000414964	G2	46
SAPCD2	SAPCD2	Homo sapiens protein	ENSP00000386348	M	47
ZNF367	ZNF367	Homo sapiens protein	ENSP00000364405	G1	48
CCNB1	CCNB1	Homo sapiens protein	ENSP00000256442	M	49
CKAP2	CKAP2	Homo sapiens protein	ENSP00000367276	G2/M	50
ESCO2	ESCO2	Homo sapiens protein	ENSP00000306999	G2	51
RRM2	RRM2	Homo sapiens protein	ENSP00000353770	S	52	S
BRD8	BRD8	Homo sapiens protein	ENSP00000254900	G2	53
E2F8	E2F8	Homo sapiens protein	ENSP00000250024	S	54
G2E3	G2E3	Homo sapiens protein	ENSP00000206595	M	55
BORA	BORA	Homo sapiens protein	ENSP00000375082	G2/M	56
GTSE1	GTSE1	Homo sapiens protein	ENSP00000415430	M	57
CDKN2C	CDKN2C	Homo sapiens protein	ENSP00000262662	G2	58
GCSAM	GCSAM	Homo sapiens protein	ENSP00000419485	M	59
GPSM2	GPSM2	Homo sapiens protein	ENSP00000264126	M	60
MKI67	MKI67	Homo sapiens protein	ENSP00000357643	G2/M	61
EIF5A2	EIF5A2	Homo sapiens protein	ENSP00000295822	G2/M	62
CDC25B	CDC25B	Homo sapiens protein	ENSP00000245960	M	63
ENSP00000363647	ENSP00000363647	Homo sapiens protein	ENSP00000363647	G2	64
SRD5A1	SRD5A1	Homo sapiens protein	ENSP00000274192	M	65
CIT	CIT	Homo sapiens protein	ENSP00000376306	G2/M	66	G2/M, M
MCM5	MCM5	Homo sapiens protein	ENSP00000216122	G1/S	67
MCM4	MCM4	Homo sapiens protein	ENSP00000262105	M	68
IQGAP3	IQGAP3	Homo sapiens protein	ENSP00000354451	G2	69
CDKN1B	CDKN1B	Homo sapiens protein	ENSP00000228872	G2	70
KLF6	KLF6	Homo sapiens protein	ENSP00000419923	G2	71
ADH4	ADH4	Homo sapiens protein	ENSP00000265512	M	72
CHAF1B	CHAF1B	Homo sapiens protein	ENSP00000315700	G1/S	73
FAM83D	FAM83D	Homo sapiens protein	ENSP00000217429	G2	74
ATAD2	ATAD2	Homo sapiens protein	ENSP00000287394	S	75
CENPA	CENPA	Homo sapiens protein	ENSP00000336868	G2/M	76
RHNO1	RHNO1	Homo sapiens protein	ENSP00000438590	G2	77
RAD21	RAD21	Homo sapiens protein	ENSP00000297338	M	78	M
ERN2	ERN2	Homo sapiens protein	ENSP00000256797	M	79
VEGFC	VEGFC	Homo sapiens protein	ENSP00000280193	M	80
PSRC1	PSRC1	Homo sapiens protein	ENSP00000358919	G2	81
H2AFX	H2AFX	Homo sapiens protein	ENSP00000364310	G2	82
FEN1	FEN1	Homo sapiens protein	ENSP00000305480	G1/S	83
HSPA1L	HSPA1L	Homo sapiens protein	ENSP00000364805	M	84
SMTN	SMTN	Homo sapiens protein	ENSP00000351593	M	85
SGOL2	SGOL2	Homo sapiens protein	ENSP00000350447	G2/M	86	G2/M, M
SLBP	SLBP	Homo sapiens protein	ENSP00000417686	G1	87	S
ATL2	ATL2	Homo sapiens protein	ENSP00000368237	G2/M	88
ANLN	ANLN	Homo sapiens protein	ENSP00000265748	M	89	G2/M, M
TROAP	TROAP	Homo sapiens protein	ENSP00000257909	M	90
CKAP2L	CKAP2L	Homo sapiens protein	ENSP00000305204	G2	91
NEK2	NEK2	Homo sapiens protein	ENSP00000355966	M	92
CEP55	CEP55	Homo sapiens protein	ENSP00000360540	M	93	G2/M, M
CDCA5	CDCA5	Homo sapiens protein	ENSP00000275517	G2	94	G2/M, M
DEPDC1	DEPDC1	Homo sapiens protein	ENSP00000412292	M	95
CCNB2	CCNB2	Homo sapiens protein	ENSP00000288207	M	96
ANKRD36C	ANKRD36C	Homo sapiens protein	ENSP00000403302	G2	97
E2F2	E2F2	Homo sapiens protein	ENSP00000355249	G1/S	98
TTK	TTK	Homo sapiens protein	ENSP00000358813	G2	99
ENSP00000372746	ENSP00000372746	Homo sapiens protein	ENSP00000372746	G2	100
AURKB	AURKB	Homo sapiens protein	ENSP00000463999	G2	101	G2/M, M
POLD3	POLD3	Homo sapiens protein	ENSP00000263681	G1/S	102
FOXM1	FOXM1	Homo sapiens protein	ENSP00000342307	G2/M	103
CKAP5	CKAP5	Homo sapiens protein	ENSP00000432768	M	104	M
RFC4	RFC4	Homo sapiens protein	ENSP00000296273	G1/S	105
LBR	LBR	Homo sapiens protein	ENSP00000272163	M	106
BIRC3	BIRC3	Homo sapiens protein	ENSP00000263464	G2	107
CDCA2	CDCA2	Homo sapiens protein	ENSP00000328228	G2	108
NEIL3	NEIL3	Homo sapiens protein	ENSP00000264596	G2	109
FZR1	FZR1	Homo sapiens protein	ENSP00000378529	G2	110
HRSP12	HRSP12	Homo sapiens protein	ENSP00000254878	G2	111
PCF11	PCF11	Homo sapiens protein	ENSP00000298281	M	112	S, M
OLR1	OLR1	Homo sapiens protein	ENSP00000309124	M	113
MCM6	MCM6	Homo sapiens protein	ENSP00000264156	G1	114
HSPA8	HSPA8	Homo sapiens protein	ENSP00000227378	G1	115
HSPB8	HSPB8	Homo sapiens protein	ENSP00000281938	S	116
SERPINB4	SERPINB4	Homo sapiens protein	ENSP00000343445	G1/S	117
CDCA3	CDCA3	Homo sapiens protein	ENSP00000442068	G2/M	118
HMGB2	HMGB2	Homo sapiens protein	ENSP00000296503	G2	119
DCTPP1	DCTPP1	Homo sapiens protein	ENSP00000322524	G2	120
PBK	PBK	Homo sapiens protein	ENSP00000301905	G2/M	121
IRAK1	IRAK1	Homo sapiens protein	ENSP00000358997	G2	122
SHCBP1	SHCBP1	Homo sapiens protein	ENSP00000306473	G2/M	123
LPP	LPP	Homo sapiens protein	ENSP00000318089	M	124
FAM111B	FAM111B	Homo sapiens protein	ENSP00000341565	G1/S	125
TTC38	TTC38	Homo sapiens protein	ENSP00000370419	G2/M	126
KIF5B	KIF5B	Homo sapiens protein	ENSP00000307078	M	127	G1
ORC1	ORC1	Homo sapiens protein	ENSP00000360621	G1/S	128
USP1	USP1	Homo sapiens protein	ENSP00000343526	S	129
CDC25C	CDC25C	Homo sapiens protein	ENSP00000321656	G2	130
H1F0	H1F0	Homo sapiens protein	ENSP00000344504	G2	131
MIS18BP1	MIS18BP1	Homo sapiens protein	ENSP00000309790	G2	132
PSMG3	PSMG3	Homo sapiens protein	ENSP00000252329	M	133
E2F1	E2F1	Homo sapiens protein	ENSP00000345571	G1/S	134
HBG2	HBG2	Homo sapiens protein	ENSP00000338082	M	135
SLC17A2	SLC17A2	Homo sapiens protein	ENSP00000353677	M	136
DDX11	DDX11	Homo sapiens protein	ENSP00000384703	S	137
BTNL9	BTNL9	Homo sapiens protein	ENSP00000330200	G2/M	138
CKS1B	CKS1B	Homo sapiens protein	ENSP00000311083	G2/M	139
SAP30	SAP30	Homo sapiens protein	ENSP00000296504	G2	140	G2/M, M
C15orf23	C15orf23	Homo sapiens protein	ENSP00000249776	M	141
SMC4	SMC4	Homo sapiens protein	ENSP00000341382	G2/M	142	G2/M, M
HN1	HN1	Homo sapiens protein	ENSP00000348316	G2/M	143
TIMP1	TIMP1	Homo sapiens protein	ENSP00000218388	G2	144
MZT1	MZT1	Homo sapiens protein	ENSP00000367049	M	145
PLAG1	PLAG1	Homo sapiens protein	ENSP00000325546	M	146
KBTBD2	KBTBD2	Homo sapiens protein	ENSP00000302586	M	147
CDCA7	CDCA7	Homo sapiens protein	ENSP00000306968	G1	148
IL6	IL6	Homo sapiens protein	ENSP00000258743	G2	149
CNTROB	CNTROB	Homo sapiens protein	ENSP00000369614	G2/M	150
SKP2	SKP2	Homo sapiens protein	ENSP00000274255	G1	151
CTGF	CTGF	Homo sapiens protein	ENSP00000356954	non-periodic	152
ECT2	ECT2	Homo sapiens protein	ENSP00000232458	M	153	G2/M, M
ANTXR1	ANTXR1	Homo sapiens protein	ENSP00000301945	G1	154
BUB3	BUB3	Homo sapiens protein	ENSP00000357858	G2/M	155
SCYL1	SCYL1	Homo sapiens protein	ENSP00000270176	G2	156
LTBP3	LTBP3	Homo sapiens protein	ENSP00000301873	G2	157
RCAN1	RCAN1	Homo sapiens protein	ENSP00000320768	G2/M	158
IVNS1ABP	IVNS1ABP	Homo sapiens protein	ENSP00000356468	G1	159
LIPH	LIPH	Homo sapiens protein	ENSP00000296252	S	160
ENSP00000373058	ENSP00000373058	Homo sapiens protein	ENSP00000373058	G2	161
TUBB	TUBB	Homo sapiens protein	ENSP00000339001	G2	162
WDR76	WDR76	Homo sapiens protein	ENSP00000263795	G1/S	163
MELK	MELK	Homo sapiens protein	ENSP00000298048	G2	164	G1
CLSPN	CLSPN	Homo sapiens protein	ENSP00000312995	G1/S	165
UBR7	UBR7	Homo sapiens protein	ENSP00000013070	G1/S	166
TUBA1A	TUBA1A	Homo sapiens protein	ENSP00000301071	G2	167
CENPL	CENPL	Homo sapiens protein	ENSP00000348527	G2	168
TUBA4A	TUBA4A	Homo sapiens protein	ENSP00000248437	G2	169
CYP1B1	CYP1B1	Homo sapiens protein	ENSP00000260630	non-periodic	170
BMP2	BMP2	Homo sapiens protein	ENSP00000368104	G2/M	171
DYNLL1	DYNLL1	Homo sapiens protein	ENSP00000242577	G1	172
GRPEL1	GRPEL1	Homo sapiens protein	ENSP00000264954	G1	173
ZRANB2	ZRANB2	Homo sapiens protein	ENSP00000359958	G1	174
RGS3	RGS3	Homo sapiens protein	ENSP00000259406	G2	175
PCBP1	PCBP1	Homo sapiens protein	ENSP00000305556	G2	176
IDO1	IDO1	Homo sapiens protein	ENSP00000430505	M	177
MBOAT1	MBOAT1	Homo sapiens protein	ENSP00000324944	G1/S	178
GAS2L3	GAS2L3	Homo sapiens protein	ENSP00000266754	G2/M	179
BIRC2	BIRC2	Homo sapiens protein	ENSP00000227758	M	180
VANGL1	VANGL1	Homo sapiens protein	ENSP00000310800	M	181
KIF14	KIF14	Homo sapiens protein	ENSP00000356319	G2/M	182	G2/M, M
TUBB4B	TUBB4B	Homo sapiens protein	ENSP00000341289	G2	183	M
GINS2	GINS2	Homo sapiens protein	ENSP00000253462	G1/S	184
TUBA3D	TUBA3D	Homo sapiens protein	ENSP00000326042	G2	185
GAS6	GAS6	Homo sapiens protein	ENSP00000331831	M	186
OPN3	OPN3	Homo sapiens protein	ENSP00000355512	G1	187
KMO	KMO	Homo sapiens protein	ENSP00000355517	G1	188
DNAJB1	DNAJB1	Homo sapiens protein	ENSP00000254322	M	189
SPAG5	SPAG5	Homo sapiens protein	ENSP00000323300	M	190
GOLGA8A	GOLGA8A	Homo sapiens protein	ENSP00000352111	G2	191
CASP3	CASP3	Homo sapiens protein	ENSP00000311032	G2	192
WSB1	WSB1	Homo sapiens protein	ENSP00000262394	G2	193
STK17B	STK17B	Homo sapiens protein	ENSP00000263955	G2	194
BTBD3	BTBD3	Homo sapiens protein	ENSP00000367471	M	195
MSL1	MSL1	Homo sapiens protein	ENSP00000462945	G1	196
DONSON	DONSON	Homo sapiens protein	ENSP00000307143	G1/S	197
DHFRL1	DHFRL1	Homo sapiens protein	ENSP00000319170	S	198
PRR11	PRR11	Homo sapiens protein	ENSP00000262293	M	199
HMGB3	HMGB3	Homo sapiens protein	ENSP00000359393	M	200
NXF1	NXF1	Homo sapiens protein	ENSP00000294172	G1	201	G1
GMNN	GMNN	Homo sapiens protein	ENSP00000230056	G1/S	202
XPO4	XPO4	Homo sapiens protein	ENSP00000255305	M	203
LRIF1	LRIF1	Homo sapiens protein	ENSP00000358778	M	204
NNMT	NNMT	Homo sapiens protein	ENSP00000299964	G2	205
HIST2H4B	HIST2H4B	Homo sapiens protein	ENSP00000358153	S	206
HIST2H4A	HIST2H4A	Homo sapiens protein	ENSP00000358162	S	207
INSIG2	INSIG2	Homo sapiens protein	ENSP00000245787	G2	208
HP1BP3	HP1BP3	Homo sapiens protein	ENSP00000312625	G2	209
AOC2	AOC2	Homo sapiens protein	ENSP00000253799	G1	210
SORBS2	SORBS2	Homo sapiens protein	ENSP00000284776	G1	211
IER3	IER3	Homo sapiens protein	ENSP00000259874	non-periodic	212
ENSP00000373054	ENSP00000373054	Homo sapiens protein	ENSP00000373054	non-periodic	213
EZH2	EZH2	Homo sapiens protein	ENSP00000320147	S	214
ARGLU1	ARGLU1	Homo sapiens protein	ENSP00000383059	G1/S	215
WISP1	WISP1	Homo sapiens protein	ENSP00000250160	G2	216
PAQR4	PAQR4	Homo sapiens protein	ENSP00000321804	G1/S	217
PKMYT1	PKMYT1	Homo sapiens protein	ENSP00000262300	G1/S	218
KIF2C	KIF2C	Homo sapiens protein	ENSP00000361298	M	219	G2/M, M
CENPQ	CENPQ	Homo sapiens protein	ENSP00000337289	S	220
HELLS	HELLS	Homo sapiens protein	ENSP00000239027	S	221
SLC39A10	SLC39A10	Homo sapiens protein	ENSP00000352655	G1	222
RAD51C	RAD51C	Homo sapiens protein	ENSP00000336701	M	223
SUCLG2	SUCLG2	Homo sapiens protein	ENSP00000419325	G2	224
CDC27	CDC27	Homo sapiens protein	ENSP00000434614	M	225	M
C1orf63	C1orf63	Homo sapiens protein	ENSP00000243189	G1	226
NDC80	NDC80	Homo sapiens protein	ENSP00000261597	G2	227
HIST2H2BE	HIST2H2BE	Homo sapiens protein	ENSP00000358151	G1	228
PMEPA1	PMEPA1	Homo sapiens protein	ENSP00000345826	non-periodic	229
FOSL1	FOSL1	Homo sapiens protein	ENSP00000310170	non-periodic	230
DKC1	DKC1	Homo sapiens protein	ENSP00000358563	G1	231
HSPA2	HSPA2	Homo sapiens protein	ENSP00000247207	G2	232
USB1	USB1	Homo sapiens protein	ENSP00000219281	M	233
UNG	UNG	Homo sapiens protein	ENSP00000242576	G1	234
EXO1	EXO1	Homo sapiens protein	ENSP00000311873	S	235
ETV4	ETV4	Homo sapiens protein	ENSP00000321835	G1	236
CNIH4	CNIH4	Homo sapiens protein	ENSP00000420443	G1	237
ARHGAP11A	ARHGAP11A	Homo sapiens protein	ENSP00000355090	G2	238
ARHGAP11B	ARHGAP11B	Homo sapiens protein	ENSP00000392760	G2	239
CYP4V2	CYP4V2	Homo sapiens protein	ENSP00000368079	G2	240
RRP1	RRP1	Homo sapiens protein	ENSP00000417464	G2/M	241
MCM2	MCM2	Homo sapiens protein	ENSP00000265056	G1/S	242
DNMT3B	DNMT3B	Homo sapiens protein	ENSP00000328547	G2	243
VPS25	VPS25	Homo sapiens protein	ENSP00000253794	G2	244
CTNNA1	CTNNA1	Homo sapiens protein	ENSP00000304669	G2/M	245
RANGAP1	RANGAP1	Homo sapiens protein	ENSP00000348577	G2/M	246
GABPB1	GABPB1	Homo sapiens protein	ENSP00000220429	G2/M	247	S
FANCD2	FANCD2	Homo sapiens protein	ENSP00000287647	G2	248
ODF2	ODF2	Homo sapiens protein	ENSP00000361882	M	249
PPP1R10	PPP1R10	Homo sapiens protein	ENSP00000365694	G2/M	250
ENSP00000373080	ENSP00000373080	Homo sapiens protein	ENSP00000373080	G2/M	251
CEP70	CEP70	Homo sapiens protein	ENSP00000264982	M	252
HORMAD1	HORMAD1	Homo sapiens protein	ENSP00000355167	G1	253
HIST1H4B	HIST1H4B	Homo sapiens protein	ENSP00000366581	S	254
AKIRIN2	AKIRIN2	Homo sapiens protein	ENSP00000257787	M	255
ZNF414	ZNF414	Homo sapiens protein	ENSP00000377504	G1/S	256
TRIP13	TRIP13	Homo sapiens protein	ENSP00000166345	G2	257
UBE2T	UBE2T	Homo sapiens protein	ENSP00000356243	G2	258
DCAF7	DCAF7	Homo sapiens protein	ENSP00000308344	G2	259
RAD51AP1	RAD51AP1	Homo sapiens protein	ENSP00000228843	G2	260
RHPN1	RHPN1	Homo sapiens protein	ENSP00000289013	S	261
TSC22D1	TSC22D1	Homo sapiens protein	ENSP00000397435	G1	262
STAT1	STAT1	Homo sapiens protein	ENSP00000354394	G2	263
TRMT2A	TRMT2A	Homo sapiens protein	ENSP00000252136	G1	264	G1
STAT5B	STAT5B	Homo sapiens protein	ENSP00000293328	G2	265
HIF1A	HIF1A	Homo sapiens protein	ENSP00000338018	G1	266
TMED7	TMED7	Homo sapiens protein	ENSP00000405926	G1	267
KIAA1524	KIAA1524	Homo sapiens protein	ENSP00000295746	G2	268
CDKN2AIP	CDKN2AIP	Homo sapiens protein	ENSP00000427108	S	269
SCD	SCD	Homo sapiens protein	ENSP00000359380	non-periodic	270
TUBB2A	TUBB2A	Homo sapiens protein	ENSP00000369703	G2	271
PWP1	PWP1	Homo sapiens protein	ENSP00000387365	M	272
DDX58	DDX58	Homo sapiens protein	ENSP00000369213	G1	273
ZC3H3	ZC3H3	Homo sapiens protein	ENSP00000262577	G2	274
SLC1A3	SLC1A3	Homo sapiens protein	ENSP00000265113	G1	275
COQ6	COQ6	Homo sapiens protein	ENSP00000333946	G2	276
DDIT4	DDIT4	Homo sapiens protein	ENSP00000307305	non-periodic	277
RUNX1	RUNX1	Homo sapiens protein	ENSP00000300305	G1/S	278
EFHC1	EFHC1	Homo sapiens protein	ENSP00000360107	S	279
ASIP	ASIP	Homo sapiens protein	ENSP00000364092	S	280
POLQ	POLQ	Homo sapiens protein	ENSP00000264233	G2	281
TUBD1	TUBD1	Homo sapiens protein	ENSP00000320797	G2	282
WDR90	WDR90	Homo sapiens protein	ENSP00000293879	S	283	G2
XBP1	XBP1	Homo sapiens protein	ENSP00000216037	G1	284
TCEB3	TCEB3	Homo sapiens protein	ENSP00000395574	S	285
RHOBTB3	RHOBTB3	Homo sapiens protein	ENSP00000369318	G2	286
DSCC1	DSCC1	Homo sapiens protein	ENSP00000322180	G1/S	287
ANP32E	ANP32E	Homo sapiens protein	ENSP00000324074	M	288
BRCA1	BRCA1	Homo sapiens protein	ENSP00000418960	S	289
NASP	NASP	Homo sapiens protein	ENSP00000255120	G1	290
STIL	STIL	Homo sapiens protein	ENSP00000360944	G2	291
IFIT2	IFIT2	Homo sapiens protein	ENSP00000360891	G1	292
GCLM	GCLM	Homo sapiens protein	ENSP00000359258	G2	293
ESPL1	ESPL1	Homo sapiens protein	ENSP00000257934	G2	294
SV2B	SV2B	Homo sapiens protein	ENSP00000332818	non-periodic	295
ZPBP	ZPBP	Homo sapiens protein	ENSP00000046087	M	296
SFPQ	SFPQ	Homo sapiens protein	ENSP00000349748	M	297
GAS1	GAS1	Homo sapiens protein	ENSP00000298743	G2	298
HIST1H4C	HIST1H4C	Homo sapiens protein	ENSP00000367034	S	299
MAP2K6	MAP2K6	Homo sapiens protein	ENSP00000468348	G1	300
MSH5	MSH5	Homo sapiens protein	ENSP00000364855	G2	301
PLCXD1	PLCXD1	Homo sapiens protein	ENSP00000371073	G1	302
STAG1	STAG1	Homo sapiens protein	ENSP00000372689	M	303
LMNA	LMNA	Homo sapiens protein	ENSP00000357283	M	304
ATRIP	ATRIP	Homo sapiens protein	ENSP00000323099	G1/S	305
UBR5	UBR5	Homo sapiens protein	ENSP00000429084	G1/S	306
PRAC	PRAC	Homo sapiens protein	ENSP00000290294	non-periodic	307
DNAJB6	DNAJB6	Homo sapiens protein	ENSP00000262177	G1	308	G1
SEPN1	SEPN1	Homo sapiens protein	ENSP00000355141	M	309
SH3GL2	SH3GL2	Homo sapiens protein	ENSP00000369981	S	310
AFAP1	AFAP1	Homo sapiens protein	ENSP00000371983	G1	311
FAM216A	FAM216A	Homo sapiens protein	ENSP00000366901	M	312
MAD2L1	MAD2L1	Homo sapiens protein	ENSP00000296509	G2	313	G2/M, M
SREK1	SREK1	Homo sapiens protein	ENSP00000334538	G2	314
ABCC5	ABCC5	Homo sapiens protein	ENSP00000333926	S	315
FAM102B	FAM102B	Homo sapiens protein	ENSP00000359052	M	316
E2F5	E2F5	Homo sapiens protein	ENSP00000398124	M	317
TOPBP1	TOPBP1	Homo sapiens protein	ENSP00000260810	S	318	S
GABARAPL1	GABARAPL1	Homo sapiens protein	ENSP00000266458	non-periodic	319
ZWINT	ZWINT	Homo sapiens protein	ENSP00000363055	G2	320
THBS1	THBS1	Homo sapiens protein	ENSP00000260356	non-periodic	321
CREBZF	CREBZF	Homo sapiens protein	ENSP00000433459	G1/S	322
INPP5K	INPP5K	Homo sapiens protein	ENSP00000413937	M	323
FOPNL	FOPNL	Homo sapiens protein	ENSP00000255759	M	324
SRSF3	SRSF3	Homo sapiens protein	ENSP00000362820	G2/M	325	G1
C9orf78	C9orf78	Homo sapiens protein	ENSP00000361524	non-periodic	326
CDH24	CDH24	Homo sapiens protein	ENSP00000267383	S	327
LARP1	LARP1	Homo sapiens protein	ENSP00000336721	G1	328
GSE1	GSE1	Homo sapiens protein	ENSP00000253458	G1	329
MLF1IP	MLF1IP	Homo sapiens protein	ENSP00000281453	S	330
UBE2D3	UBE2D3	Homo sapiens protein	ENSP00000349722	G1	331
RAN	RAN	Homo sapiens protein	ENSP00000376176	M	332	S
SKA3	SKA3	Homo sapiens protein	ENSP00000319417	G2	333
SPDL1	SPDL1	Homo sapiens protein	ENSP00000265295	G2/M	334
ZCCHC14	ZCCHC14	Homo sapiens protein	ENSP00000268616	G1	335
ENSG00000203691	ENSG00000203691	Homo sapiens protein	ENSP00000355810	M	336
NFE2L2	NFE2L2	Homo sapiens protein	ENSP00000380252	G2	337
RFC2	RFC2	Homo sapiens protein	ENSP00000055077	S	338
RAD54L	RAD54L	Homo sapiens protein	ENSP00000361043	S	339
C11orf82	C11orf82	Homo sapiens protein	ENSP00000414687	G2	340
MAFF	MAFF	Homo sapiens protein	ENSP00000345393	non-periodic	341
SLC25A29	SLC25A29	Homo sapiens protein	ENSP00000352167	G1/S	342
YWHAH	YWHAH	Homo sapiens protein	ENSP00000248975	M	343
NR4A1	NR4A1	Homo sapiens protein	ENSP00000353427	non-periodic	344
PCSK6	PCSK6	Homo sapiens protein	ENSP00000305056	G1/S	345
ACTR2	ACTR2	Homo sapiens protein	ENSP00000367220	S	346
RBBP8	RBBP8	Homo sapiens protein	ENSP00000323050	G1/S	347
NR2F6	NR2F6	Homo sapiens protein	ENSP00000291442	G1	348
NDE1	NDE1	Homo sapiens protein	ENSP00000345892	M	349	G1
FAM84B	FAM84B	Homo sapiens protein	ENSP00000302578	G1	350
MASTL	MASTL	Homo sapiens protein	ENSP00000365107	S	351
ARL4A	ARL4A	Homo sapiens protein	ENSP00000349250	G2	352
YEATS4	YEATS4	Homo sapiens protein	ENSP00000247843	G2	353
INTS8	INTS8	Homo sapiens protein	ENSP00000430338	G1	354	G1
CCNE2	CCNE2	Homo sapiens protein	ENSP00000309181	G1	355
CD97	CD97	Homo sapiens protein	ENSP00000242786	M	356
PLEKHG4B	PLEKHG4B	Homo sapiens protein	ENSP00000283426	M	357
KLF9	KLF9	Homo sapiens protein	ENSP00000366330	G2	358
ANKRD10	ANKRD10	Homo sapiens protein	ENSP00000267339	G1/S	359
HIST1H2AC	HIST1H2AC	Homo sapiens protein	ENSP00000321389	S	360
CDCA7L	CDCA7L	Homo sapiens protein	ENSP00000383986	G1/S	361
DNAH11	DNAH11	Homo sapiens protein	ENSP00000330671	G1/S	362
MGAT2	MGAT2	Homo sapiens protein	ENSP00000307423	G2	363
HINT3	HINT3	Homo sapiens protein	ENSP00000229633	G2/M	364
IER5	IER5	Homo sapiens protein	ENSP00000356549	S	365
MUC1	MUC1	Homo sapiens protein	ENSP00000357380	G2	366
SEPHS1	SEPHS1	Homo sapiens protein	ENSP00000367893	G1	367
FAM214A	FAM214A	Homo sapiens protein	ENSP00000261844	G1/S	368
ZNF248	ZNF248	Homo sapiens protein	ENSP00000349882	G1	369
PRC1	PRC1	Homo sapiens protein	ENSP00000377793	M	370	G2/M, M
SGCD	SGCD	Homo sapiens protein	ENSP00000338343	G2/M	371
ASXL1	ASXL1	Homo sapiens protein	ENSP00000364839	G2/M	372
MND1	MND1	Homo sapiens protein	ENSP00000240488	G2	373
MSH2	MSH2	Homo sapiens protein	ENSP00000233146	G1/S	374
FANCI	FANCI	Homo sapiens protein	ENSP00000310842	G2	375
HMG20B	HMG20B	Homo sapiens protein	ENSP00000328269	M	376
PNRC2	PNRC2	Homo sapiens protein	ENSP00000334840	G2	377
MEPCE	MEPCE	Homo sapiens protein	ENSP00000308546	G2	378
ALKBH7	ALKBH7	Homo sapiens protein	ENSP00000245812	G1	379
NUP35	NUP35	Homo sapiens protein	ENSP00000295119	M	380
ZNF521	ZNF521	Homo sapiens protein	ENSP00000354794	M	381
IL7R	IL7R	Homo sapiens protein	ENSP00000306157	M	382
FAM189B	FAM189B	Homo sapiens protein	ENSP00000354958	G1	383
TGFBI	TGFBI	Homo sapiens protein	ENSP00000416330	non-periodic	384
NCOA3	NCOA3	Homo sapiens protein	ENSP00000361066	G1	385
CDKL5	CDKL5	Homo sapiens protein	ENSP00000369325	G2	386
AHI1	AHI1	Homo sapiens protein	ENSP00000265602	M	387
SMAD3	SMAD3	Homo sapiens protein	ENSP00000332973	G2/M	388	G2/M, M
RPL37	RPL37	Homo sapiens protein	ENSP00000274242	G1	389
ASF1B	ASF1B	Homo sapiens protein	ENSP00000263382	S	390
WSCD1	WSCD1	Homo sapiens protein	ENSP00000323087	non-periodic	391
CDC25A	CDC25A	Homo sapiens protein	ENSP00000303706	G1	392
JUN	JUN	Homo sapiens protein	ENSP00000360266	non-periodic	393
HSPA4	HSPA4	Homo sapiens protein	ENSP00000302961	G1	394
C5orf42	C5orf42	Homo sapiens protein	ENSP00000389014	S	395
XPR1	XPR1	Homo sapiens protein	ENSP00000356562	G1	396
ENG	ENG	Homo sapiens protein	ENSP00000362299	non-periodic	397
TAB2	TAB2	Homo sapiens protein	ENSP00000286332	non-periodic	398
PNN	PNN	Homo sapiens protein	ENSP00000216832	non-periodic	399
UACA	UACA	Homo sapiens protein	ENSP00000314556	non-periodic	400
HIST1H4H	HIST1H4H	Homo sapiens protein	ENSP00000289352	non-periodic	401
ANXA8L2	ANXA8L2	Homo sapiens protein	ENSP00000363395	non-periodic	402
ANXA8	ANXA8	Homo sapiens protein	ENSP00000341674	non-periodic	403
CHEK2	CHEK2	Homo sapiens protein	ENSP00000372023	non-periodic	404
TGFA	TGFA	Homo sapiens protein	ENSP00000295400	non-periodic	405
CPNE8	CPNE8	Homo sapiens protein	ENSP00000329748	non-periodic	406
DHX8	DHX8	Homo sapiens protein	ENSP00000262415	non-periodic	407
KCTD9	KCTD9	Homo sapiens protein	ENSP00000221200	non-periodic	408
BARD1	BARD1	Homo sapiens protein	ENSP00000260947	non-periodic	409
AXL	AXL	Homo sapiens protein	ENSP00000301178	non-periodic	410
SETD8	SETD8	Homo sapiens protein	ENSP00000332995	non-periodic	411
KDM5B	KDM5B	Homo sapiens protein	ENSP00000356234	non-periodic	412
FAM131A	FAM131A	Homo sapiens protein	ENSP00000373360	non-periodic	413
CCDC150	CCDC150	Homo sapiens protein	ENSP00000373827	non-periodic	414
PLCG1	PLCG1	Homo sapiens protein	ENSP00000244007	non-periodic	415
PUS7	PUS7	Homo sapiens protein	ENSP00000348722	non-periodic	416
GLCCI1	GLCCI1	Homo sapiens protein	ENSP00000223145	non-periodic	417
GLI1	GLI1	Homo sapiens protein	ENSP00000228682	non-periodic	418
PRIM1	PRIM1	Homo sapiens protein	ENSP00000350491	non-periodic	419
PLIN3	PLIN3	Homo sapiens protein	ENSP00000221957	non-periodic	420
SS18	SS18	Homo sapiens protein	ENSP00000414516	non-periodic	421
CPA4	CPA4	Homo sapiens protein	ENSP00000222482	non-periodic	422
MT1X	MT1X	Homo sapiens protein	ENSP00000377995	non-periodic	423
DNAJB9	DNAJB9	Homo sapiens protein	ENSP00000249356	non-periodic	424	M
MRPS18B	MRPS18B	Homo sapiens protein	ENSP00000259873	non-periodic	425
DEPDC7	DEPDC7	Homo sapiens protein	ENSP00000241051	non-periodic	426
MDC1	MDC1	Homo sapiens protein	ENSP00000365588	non-periodic	427
ENSP00000373060	ENSP00000373060	Homo sapiens protein	ENSP00000373060	non-periodic	428
CCL20	CCL20	Homo sapiens protein	ENSP00000351671	non-periodic	429
ZMYND19	ZMYND19	Homo sapiens protein	ENSP00000298585	non-periodic	430
SLIT1	SLIT1	Homo sapiens protein	ENSP00000266058	non-periodic	431
EBI3	EBI3	Homo sapiens protein	ENSP00000221847	non-periodic	432
HMGCR	HMGCR	Homo sapiens protein	ENSP00000287936	non-periodic	433
ZNF829	ZNF829	Homo sapiens protein	ENSP00000429266	non-periodic	434
AMD1	AMD1	Homo sapiens protein	ENSP00000357880	non-periodic	435
KIF22	KIF22	Homo sapiens protein	ENSP00000160827	non-periodic	436
SLC12A9	SLC12A9	Homo sapiens protein	ENSP00000275730	non-periodic	437
VAV3	VAV3	Homo sapiens protein	ENSP00000359073	non-periodic	438
CASP2	CASP2	Homo sapiens protein	ENSP00000312664	non-periodic	439
ABCC2	ABCC2	Homo sapiens protein	ENSP00000359478	non-periodic	440
TOB1	TOB1	Homo sapiens protein	ENSP00000268957	non-periodic	441
TMEM132A	TMEM132A	Homo sapiens protein	ENSP00000005286	non-periodic	442
TRAIP	TRAIP	Homo sapiens protein	ENSP00000328203	non-periodic	443
UBL3	UBL3	Homo sapiens protein	ENSP00000370055	non-periodic	444
EFNA1	EFNA1	Homo sapiens protein	ENSP00000357392	non-periodic	445
CDC42EP1	CDC42EP1	Homo sapiens protein	ENSP00000249014	non-periodic	446
IFIT1	IFIT1	Homo sapiens protein	ENSP00000360869	non-periodic	447
AGFG1	AGFG1	Homo sapiens protein	ENSP00000387282	non-periodic	448
CHD4	CHD4	Homo sapiens protein	ENSP00000349508	non-periodic	449
CDKN1A	CDKN1A	Homo sapiens protein	ENSP00000244741	non-periodic	450
ZNF434	ZNF434	Homo sapiens protein	ENSP00000302502	non-periodic	451
DSP	DSP	Homo sapiens protein	ENSP00000369129	non-periodic	452
SLMO2	SLMO2	Homo sapiens protein	ENSP00000348206	non-periodic	453
CTCF	CTCF	Homo sapiens protein	ENSP00000264010	non-periodic	454
NMB	NMB	Homo sapiens protein	ENSP00000378089	non-periodic	455
KRT19	KRT19	Homo sapiens protein	ENSP00000355124	non-periodic	456
SSR4	SSR4	Homo sapiens protein	ENSP00000317331	non-periodic	457
KIFC2	KIFC2	Homo sapiens protein	ENSP00000301332	non-periodic	458	M
FKBP5	FKBP5	Homo sapiens protein	ENSP00000338160	non-periodic	459
SEC62	SEC62	Homo sapiens protein	ENSP00000337688	non-periodic	460
GINS3	GINS3	Homo sapiens protein	ENSP00000401018	non-periodic	461
ITGA2	ITGA2	Homo sapiens protein	ENSP00000296585	non-periodic	462
DRAM1	DRAM1	Homo sapiens protein	ENSP00000258534	non-periodic	463
LARP4	LARP4	Homo sapiens protein	ENSP00000381490	non-periodic	464
LRRC56	LRRC56	Homo sapiens protein	ENSP00000270115	non-periodic	465
NUP37	NUP37	Homo sapiens protein	ENSP00000251074	non-periodic	466
CDR2	CDR2	Homo sapiens protein	ENSP00000268383	non-periodic	467
HIST1H1C	HIST1H1C	Homo sapiens protein	ENSP00000339566	non-periodic	468
HIST1H4E	HIST1H4E	Homo sapiens protein	ENSP00000353624	non-periodic	469
TFF3	TFF3	Homo sapiens protein	ENSP00000430690	non-periodic	470
CDK7	CDK7	Homo sapiens protein	ENSP00000256443	non-periodic	471
ACSL3	ACSL3	Homo sapiens protein	ENSP00000350012	non-periodic	472
PPP1R15B	PPP1R15B	Homo sapiens protein	ENSP00000356156	non-periodic	473	G1
TNFAIP3	TNFAIP3	Homo sapiens protein	ENSP00000237289	non-periodic	474
CLDN8	CLDN8	Homo sapiens protein	ENSP00000286809	non-periodic	475
PKNOX1	PKNOX1	Homo sapiens protein	ENSP00000291547	non-periodic	476
RNPC3	RNPC3	Homo sapiens protein	ENSP00000391432	non-periodic	477
PRKAR1A	PRKAR1A	Homo sapiens protein	ENSP00000351410	non-periodic	478
MAP3K8	MAP3K8	Homo sapiens protein	ENSP00000263056	non-periodic	479
APEX2	APEX2	Homo sapiens protein	ENSP00000364126	non-periodic	480
B4GALT1	B4GALT1	Homo sapiens protein	ENSP00000369055	non-periodic	481
ITGA3	ITGA3	Homo sapiens protein	ENSP00000007722	non-periodic	482
CARHSP1	CARHSP1	Homo sapiens protein	ENSP00000311847	non-periodic	483
FAM110A	FAM110A	Homo sapiens protein	ENSP00000246100	non-periodic	484
GPR126	GPR126	Homo sapiens protein	ENSP00000356581	non-periodic	485
TMEM138	TMEM138	Homo sapiens protein	ENSP00000278826	non-periodic	486
ARHGDIB	ARHGDIB	Homo sapiens protein	ENSP00000228945	non-periodic	487
PLK2	PLK2	Homo sapiens protein	ENSP00000274289	non-periodic	488	G1
CEP76	CEP76	Homo sapiens protein	ENSP00000262127	non-periodic	489
NAB1	NAB1	Homo sapiens protein	ENSP00000336894	non-periodic	490
AP3D1	AP3D1	Homo sapiens protein	ENSP00000344055	non-periodic	491
BIVM	BIVM	Homo sapiens protein	ENSP00000257336	non-periodic	492
NUCKS1	NUCKS1	Homo sapiens protein	ENSP00000356110	non-periodic	493
FAM105A	FAM105A	Homo sapiens protein	ENSP00000274217	non-periodic	494
CCDC84	CCDC84	Homo sapiens protein	ENSP00000334767	non-periodic	495
CCDC14	CCDC14	Homo sapiens protein	ENSP00000395706	non-periodic	496
SRSF5	SRSF5	Homo sapiens protein	ENSP00000377892	non-periodic	497
RMI1	RMI1	Homo sapiens protein	ENSP00000317039	non-periodic	498
CBX3	CBX3	Homo sapiens protein	ENSP00000336687	non-periodic	499	G1
TSEN54	TSEN54	Homo sapiens protein	ENSP00000327487	non-periodic	500
SRSF10	SRSF10	Homo sapiens protein	ENSP00000420195	non-periodic	501
RPRD1A	RPRD1A	Homo sapiens protein	ENSP00000349955	non-periodic	502
DMXL2	DMXL2	Homo sapiens protein	ENSP00000441858	non-periodic	503
NUP98	NUP98	Homo sapiens protein	ENSP00000316032	non-periodic	504
RNF126	RNF126	Homo sapiens protein	ENSP00000292363	non-periodic	505
MED31	MED31	Homo sapiens protein	ENSP00000225728	non-periodic	506
TYMS	TYMS	Homo sapiens protein	ENSP00000315644	non-periodic	507
ENOSF1	ENOSF1	Homo sapiens protein	ENSP00000345974	non-periodic	508
RRM1	RRM1	Homo sapiens protein	ENSP00000300738	non-periodic	509	S
PCED1A	PCED1A	Homo sapiens protein	ENSP00000353868	non-periodic	510
NPTX1	NPTX1	Homo sapiens protein	ENSP00000307549	non-periodic	511
CXCL2	CXCL2	Homo sapiens protein	ENSP00000427279	non-periodic	512
NFKB1	NFKB1	Homo sapiens protein	ENSP00000226574	non-periodic	513
ADCK2	ADCK2	Homo sapiens protein	ENSP00000072869	non-periodic	514
STYX	STYX	Homo sapiens protein	ENSP00000346599	non-periodic	515
NUS1	NUS1	Homo sapiens protein	ENSP00000357480	non-periodic	516
C4orf21	C4orf21	Homo sapiens protein	ENSP00000424737	non-periodic	517
IL11	IL11	Homo sapiens protein	ENSP00000264563	non-periodic	518
HAUS8	HAUS8	Homo sapiens protein	ENSP00000253669	non-periodic	519
PANK2	PANK2	Homo sapiens protein	ENSP00000313377	non-periodic	520
TMEM2	TMEM2	Homo sapiens protein	ENSP00000366243	non-periodic	521
CCL2	CCL2	Homo sapiens protein	ENSP00000225831	non-periodic	522
SFTPB	SFTPB	Homo sapiens protein	ENSP00000377409	non-periodic	523
ZMYM3	ZMYM3	Homo sapiens protein	ENSP00000322845	non-periodic	524
C2orf69	C2orf69	Homo sapiens protein	ENSP00000312770	non-periodic	525
EIF4G3	EIF4G3	Homo sapiens protein	ENSP00000364073	non-periodic	526
KIAA1586	KIAA1586	Homo sapiens protein	ENSP00000359768	non-periodic	527
KHK	KHK	Homo sapiens protein	ENSP00000260598	non-periodic	528
PHTF2	PHTF2	Homo sapiens protein	ENSP00000400958	non-periodic	529
FAM26E	FAM26E	Homo sapiens protein	ENSP00000357588	non-periodic	530
AP4B1	AP4B1	Homo sapiens protein	ENSP00000256658	non-periodic	531
CNOT6	CNOT6	Homo sapiens protein	ENSP00000261951	non-periodic	532
BRWD1	BRWD1	Homo sapiens protein	ENSP00000330753	non-periodic	533
UNC5CL	UNC5CL	Homo sapiens protein	ENSP00000244565	non-periodic	534
SLC51B	SLC51B	Homo sapiens protein	ENSP00000335292	non-periodic	535
SPTBN1	SPTBN1	Homo sapiens protein	ENSP00000349259	non-periodic	536
ORC3	ORC3	Homo sapiens protein	ENSP00000257789	non-periodic	537
C14orf80	C14orf80	Homo sapiens protein	ENSP00000376307	non-periodic	538
ESD	ESD	Homo sapiens protein	ENSP00000367992	non-periodic	539
TSPYL4	TSPYL4	Homo sapiens protein	ENSP00000410943	non-periodic	540
SVIP	SVIP	Homo sapiens protein	ENSP00000346130	non-periodic	541
HSD17B11	HSD17B11	Homo sapiens protein	ENSP00000351035	non-periodic	542
COL4A5	COL4A5	Homo sapiens protein	ENSP00000331902	non-periodic	543
DNAJC3	DNAJC3	Homo sapiens protein	ENSP00000365991	non-periodic	544
HERC4	HERC4	Homo sapiens protein	ENSP00000378624	non-periodic	545
HERPUD1	HERPUD1	Homo sapiens protein	ENSP00000409555	non-periodic	546
LYAR	LYAR	Homo sapiens protein	ENSP00000345917	non-periodic	547
LNP1	LNP1	Homo sapiens protein	ENSP00000373191	non-periodic	548
ANXA1	ANXA1	Homo sapiens protein	ENSP00000257497	non-periodic	549
UBXN11	UBXN11	Homo sapiens protein	ENSP00000363338	non-periodic	550
KIAA0586	KIAA0586	Homo sapiens protein	ENSP00000261244	non-periodic	551
RAD54B	RAD54B	Homo sapiens protein	ENSP00000336606	non-periodic	552
FBXO22	FBXO22	Homo sapiens protein	ENSP00000307833	non-periodic	553
WWC1	WWC1	Homo sapiens protein	ENSP00000427772	non-periodic	554
TMEM174	TMEM174	Homo sapiens protein	ENSP00000296776	non-periodic	555
TBX3	TBX3	Homo sapiens protein	ENSP00000257566	non-periodic	556
ARL6IP6	ARL6IP6	Homo sapiens protein	ENSP00000315357	non-periodic	557
PLAUR	PLAUR	Homo sapiens protein	ENSP00000339328	non-periodic	558	G1
TRIM45	TRIM45	Homo sapiens protein	ENSP00000256649	non-periodic	559
KRT78	KRT78	Homo sapiens protein	ENSP00000306261	non-periodic	560
TONSL	TONSL	Homo sapiens protein	ENSP00000386239	non-periodic	561
NCOA5	NCOA5	Homo sapiens protein	ENSP00000290231	non-periodic	562
LMNB1	LMNB1	Homo sapiens protein	ENSP00000261366	non-periodic	563
CAPS	CAPS	Homo sapiens protein	ENSP00000222125	non-periodic	564
C20orf111	C20orf111	Homo sapiens protein	ENSP00000255174	non-periodic	565
SGK1	SGK1	Homo sapiens protein	ENSP00000356832	non-periodic	566
CXCR4	CXCR4	Homo sapiens protein	ENSP00000386884	non-periodic	567
GNB1	GNB1	Homo sapiens protein	ENSP00000367869	non-periodic	568
RFC3	RFC3	Homo sapiens protein	ENSP00000369411	non-periodic	569
PSMD11	PSMD11	Homo sapiens protein	ENSP00000261712	non-periodic	570	G1
NLGN4X	NLGN4X	Homo sapiens protein	ENSP00000275857	non-periodic	571
HHAT	HHAT	Homo sapiens protein	ENSP00000438468	non-periodic	572
NCS1	NCS1	Homo sapiens protein	ENSP00000361475	non-periodic	573
KLF13	KLF13	Homo sapiens protein	ENSP00000302456	non-periodic	574
RPA2	RPA2	Homo sapiens protein	ENSP00000363021	non-periodic	575	S
CYTH3	CYTH3	Homo sapiens protein	ENSP00000297044	non-periodic	576
FANCA	FANCA	Homo sapiens protein	ENSP00000373952	non-periodic	577
CFC1	CFC1	Homo sapiens protein	ENSP00000259216	non-periodic	578
CFC1B	CFC1B	Homo sapiens protein	ENSP00000281882	non-periodic	579
VPS51	VPS51	Homo sapiens protein	ENSP00000279281	non-periodic	580
MCFD2	MCFD2	Homo sapiens protein	ENSP00000317271	non-periodic	581
PHLDB2	PHLDB2	Homo sapiens protein	ENSP00000377502	non-periodic	582
ZNFX1	ZNFX1	Homo sapiens protein	ENSP00000360817	non-periodic	583
CDK8	CDK8	Homo sapiens protein	ENSP00000370938	non-periodic	584
CACUL1	CACUL1	Homo sapiens protein	ENSP00000358147	non-periodic	585
ELK3	ELK3	Homo sapiens protein	ENSP00000228741	non-periodic	586
HSPH1	HSPH1	Homo sapiens protein	ENSP00000318687	non-periodic	587
TGIF1	TGIF1	Homo sapiens protein	ENSP00000327959	non-periodic	588
RBBP4	RBBP4	Homo sapiens protein	ENSP00000362592	non-periodic	589	S
SYNC	SYNC	Homo sapiens protein	ENSP00000386439	non-periodic	590
FERMT2	FERMT2	Homo sapiens protein	ENSP00000342858	non-periodic	591
MIS12	MIS12	Homo sapiens protein	ENSP00000370557	non-periodic	592
CXCL14	CXCL14	Homo sapiens protein	ENSP00000337065	non-periodic	593
POC5	POC5	Homo sapiens protein	ENSP00000410216	non-periodic	594
DR1	DR1	Homo sapiens protein	ENSP00000359290	non-periodic	595
CCNG2	CCNG2	Homo sapiens protein	ENSP00000315743	non-periodic	596
MRPL19	MRPL19	Homo sapiens protein	ENSP00000377486	non-periodic	597
TM4SF1	TM4SF1	Homo sapiens protein	ENSP00000304277	non-periodic	598
CFD	CFD	Homo sapiens protein	ENSP00000332139	non-periodic	599
TTC31	TTC31	Homo sapiens protein	ENSP00000233623	non-periodic	600
AP3M2	AP3M2	Homo sapiens protein	ENSP00000174653	non-periodic	601
MAGEF1	MAGEF1	Homo sapiens protein	ENSP00000315064	non-periodic	602
ACAP3	ACAP3	Homo sapiens protein	ENSP00000346733	non-periodic	603
GTF3C4	GTF3C4	Homo sapiens protein	ENSP00000361219	non-periodic	604
STC2	STC2	Homo sapiens protein	ENSP00000265087	non-periodic	605
ENPP5	ENPP5	Homo sapiens protein	ENSP00000230565	non-periodic	606
MYADM	MYADM	Homo sapiens protein	ENSP00000337222	non-periodic	607
RMI2	RMI2	Homo sapiens protein	ENSP00000310356	non-periodic	608
C8orf4	C8orf4	Homo sapiens protein	ENSP00000319914	non-periodic	609
RNF141	RNF141	Homo sapiens protein	ENSP00000265981	non-periodic	610
C9orf142	C9orf142	Homo sapiens protein	ENSP00000360682	non-periodic	611
ARHGAP18	ARHGAP18	Homo sapiens protein	ENSP00000275189	non-periodic	612
TTF2	TTF2	Homo sapiens protein	ENSP00000358478	non-periodic	613
RHOB	RHOB	Homo sapiens protein	ENSP00000272233	non-periodic	614
CCDC88A	CCDC88A	Homo sapiens protein	ENSP00000338728	non-periodic	615
MCM3	MCM3	Homo sapiens protein	ENSP00000229854	non-periodic	616
RAD18	RAD18	Homo sapiens protein	ENSP00000264926	non-periodic	617
RAD1	RAD1	Homo sapiens protein	ENSP00000340879	non-periodic	618
ERCC6L	ERCC6L	Homo sapiens protein	ENSP00000334675	non-periodic	619
F2RL3	F2RL3	Homo sapiens protein	ENSP00000248076	non-periodic	620
RCCD1	RCCD1	Homo sapiens protein	ENSP00000377801	non-periodic	621
SAP30BP	SAP30BP	Homo sapiens protein	ENSP00000462116	non-periodic	622
LEPREL1	LEPREL1	Homo sapiens protein	ENSP00000316881	non-periodic	623
CALD1	CALD1	Homo sapiens protein	ENSP00000354826	non-periodic	624
NFIC	NFIC	Homo sapiens protein	ENSP00000465655	non-periodic	625
RNASEH2C	RNASEH2C	Homo sapiens protein	ENSP00000308193	non-periodic	626	G1
CREBRF	CREBRF	Homo sapiens protein	ENSP00000296953	non-periodic	627
SYTL4	SYTL4	Homo sapiens protein	ENSP00000263033	non-periodic	628
DZIP3	DZIP3	Homo sapiens protein	ENSP00000355028	non-periodic	629
SP1	SP1	Homo sapiens protein	ENSP00000329357	non-periodic	630
RTN4R	RTN4R	Homo sapiens protein	ENSP00000043402	non-periodic	631
MANF	MANF	Homo sapiens protein	ENSP00000432799	non-periodic	632
CHAF1A	CHAF1A	Homo sapiens protein	ENSP00000301280	non-periodic	633	S
CYTH2	CYTH2	Homo sapiens protein	ENSP00000408236	non-periodic	634
CDK9	CDK9	Homo sapiens protein	ENSP00000362361	non-periodic	635
ZNF217	ZNF217	Homo sapiens protein	ENSP00000304308	non-periodic	636
CCZ1B	CCZ1B	Homo sapiens protein	ENSP00000314544	non-periodic	637
CCZ1	CCZ1	Homo sapiens protein	ENSP00000325681	non-periodic	638
WDR62	WDR62	Homo sapiens protein	ENSP00000384792	non-periodic	639
SERPINE2	SERPINE2	Homo sapiens protein	ENSP00000415786	non-periodic	640
HILPDA	HILPDA	Homo sapiens protein	ENSP00000257696	non-periodic	641
CA1	CA1	Homo sapiens protein	ENSP00000256119	non-periodic	642
CDC45	CDC45	Homo sapiens protein	ENSP00000405726	non-periodic	643	S
TOB2	TOB2	Homo sapiens protein	ENSP00000331305	non-periodic	644
DIP2B	DIP2B	Homo sapiens protein	ENSP00000301180	non-periodic	645	G1
SLC44A2	SLC44A2	Homo sapiens protein	ENSP00000336888	non-periodic	646
KIFC3	KIFC3	Homo sapiens protein	ENSP00000368976	non-periodic	647	G2/M, M
TMPO	TMPO	Homo sapiens protein	ENSP00000266732	non-periodic	648	M
MAFK	MAFK	Homo sapiens protein	ENSP00000344903	non-periodic	649
STARD4	STARD4	Homo sapiens protein	ENSP00000296632	non-periodic	650
ANKRD27	ANKRD27	Homo sapiens protein	ENSP00000304292	non-periodic	651
NPLOC4	NPLOC4	Homo sapiens protein	ENSP00000331487	non-periodic	652
STX11	STX11	Homo sapiens protein	ENSP00000356540	non-periodic	653
ZSCAN5A	ZSCAN5A	Homo sapiens protein	ENSP00000375593	non-periodic	654
CEP44	CEP44	Homo sapiens protein	ENSP00000389427	non-periodic	655
TRIM27	TRIM27	Homo sapiens protein	ENSP00000366404	non-periodic	656
PTP4A1	PTP4A1	Homo sapiens protein	ENSP00000359685	non-periodic	657
GPRC5A	GPRC5A	Homo sapiens protein	ENSP00000014914	non-periodic	658
RRP9	RRP9	Homo sapiens protein	ENSP00000232888	non-periodic	659
FOXC1	FOXC1	Homo sapiens protein	ENSP00000370256	non-periodic	660
MFAP1	MFAP1	Homo sapiens protein	ENSP00000267812	non-periodic	661	G1
TMEM19	TMEM19	Homo sapiens protein	ENSP00000266673	non-periodic	662
SH2D5	SH2D5	Homo sapiens protein	ENSP00000406026	non-periodic	663
GMFG	GMFG	Homo sapiens protein	ENSP00000472249	non-periodic	664
KRT15	KRT15	Homo sapiens protein	ENSP00000254043	non-periodic	665
MAP3K2	MAP3K2	Homo sapiens protein	ENSP00000343463	non-periodic	666
OGFR	OGFR	Homo sapiens protein	ENSP00000290291	non-periodic	667
OSBPL10	OSBPL10	Homo sapiens protein	ENSP00000379804	non-periodic	668
PRPSAP1	PRPSAP1	Homo sapiens protein	ENSP00000414624	non-periodic	669
TTC14	TTC14	Homo sapiens protein	ENSP00000296015	non-periodic	670
HIST3H2A	HIST3H2A	Homo sapiens protein	ENSP00000355656	non-periodic	671	G2/M, M
CLMP	CLMP	Homo sapiens protein	ENSP00000405577	non-periodic	672
SIRPA	SIRPA	Homo sapiens protein	ENSP00000348307	non-periodic	673
IL18RAP	IL18RAP	Homo sapiens protein	ENSP00000264260	non-periodic	674
SCP2	SCP2	Homo sapiens protein	ENSP00000360569	non-periodic	675
SLC35B4	SLC35B4	Homo sapiens protein	ENSP00000367770	non-periodic	676
CLCN2	CLCN2	Homo sapiens protein	ENSP00000265593	non-periodic	677
CDK20	CDK20	Homo sapiens protein	ENSP00000322343	non-periodic	678
CDC7	CDC7	Homo sapiens protein	ENSP00000234626	non-periodic	679
CENPN	CENPN	Homo sapiens protein	ENSP00000377007	non-periodic	680
CCSAP	CCSAP	Homo sapiens protein	ENSP00000284617	non-periodic	681
MAP4	MAP4	Homo sapiens protein	ENSP00000353375	non-periodic	682
OR2B2	OR2B2	Homo sapiens protein	ENSP00000304419	non-periodic	683
HIST1H2BO	HIST1H2BO	Homo sapiens protein	ENSP00000303408	non-periodic	684
CPS1	CPS1	Homo sapiens protein	ENSP00000402608	non-periodic	685
ACAP2	ACAP2	Homo sapiens protein	ENSP00000324287	non-periodic	686
DTWD1	DTWD1	Homo sapiens protein	ENSP00000251250	non-periodic	687
MT1F	MT1F	Homo sapiens protein	ENSP00000334872	non-periodic	688
SLC25A36	SLC25A36	Homo sapiens protein	ENSP00000320688	non-periodic	689
TMEM150A	TMEM150A	Homo sapiens protein	ENSP00000334708	non-periodic	690
INTS7	INTS7	Homo sapiens protein	ENSP00000355961	non-periodic	691
FCAMR	FCAMR	Homo sapiens protein	ENSP00000316491	non-periodic	692
TNFRSF12A	TNFRSF12A	Homo sapiens protein	ENSP00000326737	non-periodic	693
KLF8	KLF8	Homo sapiens protein	ENSP00000417303	non-periodic	694
TXNRD1	TXNRD1	Homo sapiens protein	ENSP00000434516	non-periodic	695
CSTF1	CSTF1	Homo sapiens protein	ENSP00000217109	non-periodic	696
BMI1	BMI1	Homo sapiens protein	ENSP00000365851	non-periodic	697
ATG16L2	ATG16L2	Homo sapiens protein	ENSP00000326340	non-periodic	698
MORF4L2	MORF4L2	Homo sapiens protein	ENSP00000353643	non-periodic	699
FAM60A	FAM60A	Homo sapiens protein	ENSP00000337477	non-periodic	700
TBKBP1	TBKBP1	Homo sapiens protein	ENSP00000354777	non-periodic	701
DTWD2	DTWD2	Homo sapiens protein	ENSP00000425048	non-periodic	702
BRI3BP	BRI3BP	Homo sapiens protein	ENSP00000340761	non-periodic	703
HEATR5A	HEATR5A	Homo sapiens protein	ENSP00000437968	non-periodic	704
RFESD	RFESD	Homo sapiens protein	ENSP00000369341	non-periodic	705
RPGRIP1L	RPGRIP1L	Homo sapiens protein	ENSP00000369257	non-periodic	706
SNRPA	SNRPA	Homo sapiens protein	ENSP00000243563	non-periodic	707
NOP16	NOP16	Homo sapiens protein	ENSP00000373810	non-periodic	708
TPM4	TPM4	Homo sapiens protein	ENSP00000345230	non-periodic	709
WNK1	WNK1	Homo sapiens protein	ENSP00000313059	non-periodic	710
ORC6	ORC6	Homo sapiens protein	ENSP00000219097	non-periodic	711
CEP78	CEP78	Homo sapiens protein	ENSP00000365782	non-periodic	712
TSKU	TSKU	Homo sapiens protein	ENSP00000332668	non-periodic	713
CDKN1C	CDKN1C	Homo sapiens protein	ENSP00000411552	non-periodic	714
CELSR3	CELSR3	Homo sapiens protein	ENSP00000164024	non-periodic	715
HDGF	HDGF	Homo sapiens protein	ENSP00000357189	non-periodic	716
ENSP00000331131	ENSP00000331131	Homo sapiens protein	ENSP00000331131	non-periodic	717
MATN2	MATN2	Homo sapiens protein	ENSP00000430487	non-periodic	718
TMEM206	TMEM206	Homo sapiens protein	ENSP00000438863	non-periodic	719
USP16	USP16	Homo sapiens protein	ENSP00000334808	non-periodic	720
RAB11FIP4	RAB11FIP4	Homo sapiens protein	ENSP00000312837	non-periodic	721
VMP1	VMP1	Homo sapiens protein	ENSP00000262291	non-periodic	722
HMGN4	HMGN4	Homo sapiens protein	ENSP00000327691	non-periodic	723
PDCL	PDCL	Homo sapiens protein	ENSP00000259467	non-periodic	724
HFE	HFE	Homo sapiens protein	ENSP00000417404	non-periodic	725
ITGA6	ITGA6	Homo sapiens protein	ENSP00000386896	non-periodic	726	S
ANKRD11	ANKRD11	Homo sapiens protein	ENSP00000301030	non-periodic	727
MAP1B	MAP1B	Homo sapiens protein	ENSP00000296755	non-periodic	728
ACACA	ACACA	Homo sapiens protein	ENSP00000344789	non-periodic	729
FUBP1	FUBP1	Homo sapiens protein	ENSP00000359804	non-periodic	730
DPH5	DPH5	Homo sapiens protein	ENSP00000359127	non-periodic	731
MIR7-3HG	MIR7-3HG	Homo sapiens protein	ENSP00000468311	non-periodic	732
WDR45L	WDR45L	Homo sapiens protein	ENSP00000376139	non-periodic	733
ABHD10	ABHD10	Homo sapiens protein	ENSP00000273359	non-periodic	734
SPSB3	SPSB3	Homo sapiens protein	ENSP00000301717	non-periodic	735
DEFB1	DEFB1	Homo sapiens protein	ENSP00000297439	non-periodic	736
DHRSX	DHRSX	Homo sapiens protein	ENSP00000334113	non-periodic	737
LSM5	LSM5	Homo sapiens protein	ENSP00000410758	non-periodic	738
CYR61	CYR61	Homo sapiens protein	ENSP00000398736	non-periodic	739
SEC23A	SEC23A	Homo sapiens protein	ENSP00000306881	non-periodic	740
BAMBI	BAMBI	Homo sapiens protein	ENSP00000364683	non-periodic	741
OGT	OGT	Homo sapiens protein	ENSP00000362824	non-periodic	742
KATNBL1	KATNBL1	Homo sapiens protein	ENSP00000256544	non-periodic	743
RAB3A	RAB3A	Homo sapiens protein	ENSP00000222256	non-periodic	744
ABCA7	ABCA7	Homo sapiens protein	ENSP00000263094	non-periodic	745
DDR1	DDR1	Homo sapiens protein	ENSP00000365759	non-periodic	746
CFLAR	CFLAR	Homo sapiens protein	ENSP00000312455	non-periodic	747
C16orf45	C16orf45	Homo sapiens protein	ENSP00000300006	non-periodic	748
SET	SET	Homo sapiens protein	ENSP00000361777	non-periodic	749
PICALM	PICALM	Homo sapiens protein	ENSP00000377015	non-periodic	750
PLCE1	PLCE1	Homo sapiens protein	ENSP00000260766	non-periodic	751
ZAK	ZAK	Homo sapiens protein	ENSP00000364361	non-periodic	752
UBQLN2	UBQLN2	Homo sapiens protein	ENSP00000345195	non-periodic	753	G2/M, M
MAN1A2	MAN1A2	Homo sapiens protein	ENSP00000348959	non-periodic	754
TSG101	TSG101	Homo sapiens protein	ENSP00000251968	non-periodic	755	G1
SFMBT2	SFMBT2	Homo sapiens protein	ENSP00000355109	non-periodic	756
RBM4B	RBM4B	Homo sapiens protein	ENSP00000310471	non-periodic	757
ACAD9	ACAD9	Homo sapiens protein	ENSP00000312618	non-periodic	758
PDDC1	PDDC1	Homo sapiens protein	ENSP00000321691	non-periodic	759
B3GNT6	B3GNT6	Homo sapiens protein	ENSP00000435352	non-periodic	760
SRP72	SRP72	Homo sapiens protein	ENSP00000342181	non-periodic	761
DNAJA1	DNAJA1	Homo sapiens protein	ENSP00000369127	non-periodic	762
PDK4	PDK4	Homo sapiens protein	ENSP00000005178	non-periodic	763
GTPBP2	GTPBP2	Homo sapiens protein	ENSP00000303997	non-periodic	764
BBX	BBX	Homo sapiens protein	ENSP00000319974	non-periodic	765
AASDHPPT	AASDHPPT	Homo sapiens protein	ENSP00000278618	non-periodic	766
ZMYM1	ZMYM1	Homo sapiens protein	ENSP00000352920	non-periodic	767
WDR34	WDR34	Homo sapiens protein	ENSP00000361800	non-periodic	768
DCLRE1B	DCLRE1B	Homo sapiens protein	ENSP00000358576	non-periodic	769
CAPN1	CAPN1	Homo sapiens protein	ENSP00000279247	non-periodic	770
C11orf96	C11orf96	Homo sapiens protein	ENSP00000340667	non-periodic	771
INTS1	INTS1	Homo sapiens protein	ENSP00000385722	non-periodic	772
ABCF2	ABCF2	Homo sapiens protein	ENSP00000222388	non-periodic	773
A1BG	A1BG	Homo sapiens protein	ENSP00000263100	non-periodic	774
DEXI	DEXI	Homo sapiens protein	ENSP00000330509	non-periodic	775
MT1H	MT1H	Homo sapiens protein	ENSP00000330587	non-periodic	776
ENSG00000182329	ENSG00000182329	Homo sapiens protein	ENSP00000437957	non-periodic	777
SRSF7	SRSF7	Homo sapiens protein	ENSP00000325905	non-periodic	778
ENSP00000259930	ENSP00000259930	Homo sapiens protein	ENSP00000259930	non-periodic	779
SLC35B3	SLC35B3	Homo sapiens protein	ENSP00000368981	non-periodic	780
NPM1	NPM1	Homo sapiens protein	ENSP00000296930	non-periodic	781
CNOT10	CNOT10	Homo sapiens protein	ENSP00000330060	non-periodic	782
TTC7A	TTC7A	Homo sapiens protein	ENSP00000316699	non-periodic	783
MCMBP	MCMBP	Homo sapiens protein	ENSP00000353098	non-periodic	784
RABEPK	RABEPK	Homo sapiens protein	ENSP00000362639	non-periodic	785
ANKRD18A	ANKRD18A	Homo sapiens protein	ENSP00000382610	non-periodic	786
LNPEP	LNPEP	Homo sapiens protein	ENSP00000231368	non-periodic	787
ACYP1	ACYP1	Homo sapiens protein	ENSP00000238618	non-periodic	788
FAN1	FAN1	Homo sapiens protein	ENSP00000354497	non-periodic	789
CUL2	CUL2	Homo sapiens protein	ENSP00000444856	non-periodic	790	G1
MTMR10	MTMR10	Homo sapiens protein	ENSP00000402537	non-periodic	791
PBX1	PBX1	Homo sapiens protein	ENSP00000405890	non-periodic	792
CREB1	CREB1	Homo sapiens protein	ENSP00000387699	non-periodic	793
FLAD1	FLAD1	Homo sapiens protein	ENSP00000292180	non-periodic	794
AGXT	AGXT	Homo sapiens protein	ENSP00000302620	non-periodic	795
NUP160	NUP160	Homo sapiens protein	ENSP00000367721	non-periodic	796
CDC16	CDC16	Homo sapiens protein	ENSP00000348554	non-periodic	797	M
SAMSN1	SAMSN1	Homo sapiens protein	ENSP00000383411	non-periodic	798
MMP11	MMP11	Homo sapiens protein	ENSP00000215743	non-periodic	799
NCAPG2	NCAPG2	Homo sapiens protein	ENSP00000348657	non-periodic	800
BLM	BLM	Homo sapiens protein	ENSP00000347232	non-periodic	801
MLL3	MLL3	Homo sapiens protein	ENSP00000262189	non-periodic	802
HMGCS1	HMGCS1	Homo sapiens protein	ENSP00000322706	non-periodic	803
ADAM9	ADAM9	Homo sapiens protein	ENSP00000419446	non-periodic	804	G1
NEDD9	NEDD9	Homo sapiens protein	ENSP00000368759	non-periodic	805
ACSL4	ACSL4	Homo sapiens protein	ENSP00000339787	non-periodic	806
TMEM106C	TMEM106C	Homo sapiens protein	ENSP00000400471	non-periodic	807
NAP1L3	NAP1L3	Homo sapiens protein	ENSP00000362171	non-periodic	808
DMP1	DMP1	Homo sapiens protein	ENSP00000340935	non-periodic	809
SBNO2	SBNO2	Homo sapiens protein	ENSP00000354733	non-periodic	810
NCBP1	NCBP1	Homo sapiens protein	ENSP00000364289	non-periodic	811
KYNU	KYNU	Homo sapiens protein	ENSP00000264170	non-periodic	812
DUSP4	DUSP4	Homo sapiens protein	ENSP00000240100	non-periodic	813
VCL	VCL	Homo sapiens protein	ENSP00000211998	non-periodic	814
IL27RA	IL27RA	Homo sapiens protein	ENSP00000263379	non-periodic	815
SLC25A27	SLC25A27	Homo sapiens protein	ENSP00000360398	non-periodic	816
RSRC2	RSRC2	Homo sapiens protein	ENSP00000330188	non-periodic	817
NUTF2	NUTF2	Homo sapiens protein	ENSP00000219169	non-periodic	818
RNF10	RNF10	Homo sapiens protein	ENSP00000322242	non-periodic	819
PRKCE	PRKCE	Homo sapiens protein	ENSP00000306124	non-periodic	820
VPS37C	VPS37C	Homo sapiens protein	ENSP00000301765	non-periodic	821
TXLNG	TXLNG	Homo sapiens protein	ENSP00000369465	non-periodic	822
DBNDD1	DBNDD1	Homo sapiens protein	ENSP00000306407	non-periodic	823
NCAPH2	NCAPH2	Homo sapiens protein	ENSP00000299821	non-periodic	824
INSR	INSR	Homo sapiens protein	ENSP00000303830	non-periodic	825
RNF113A	RNF113A	Homo sapiens protein	ENSP00000360497	non-periodic	826
RNF144B	RNF144B	Homo sapiens protein	ENSP00000259939	non-periodic	827	G1
MBL2	MBL2	Homo sapiens protein	ENSP00000363079	non-periodic	828
SNX9	SNX9	Homo sapiens protein	ENSP00000376024	non-periodic	829
TLR8	TLR8	Homo sapiens protein	ENSP00000218032	non-periodic	830
LY9	LY9	Homo sapiens protein	ENSP00000357020	non-periodic	831
COL7A1	COL7A1	Homo sapiens protein	ENSP00000332371	non-periodic	832
DCAF16	DCAF16	Homo sapiens protein	ENSP00000371682	non-periodic	833
DDX28	DDX28	Homo sapiens protein	ENSP00000332340	non-periodic	834
CENPM	CENPM	Homo sapiens protein	ENSP00000215980	non-periodic	835
FCGBP	FCGBP	Homo sapiens protein	ENSP00000221347	non-periodic	836
PNCK	PNCK	Homo sapiens protein	ENSP00000405950	non-periodic	837
PTPN5	PTPN5	Homo sapiens protein	ENSP00000351342	non-periodic	838
BRD7	BRD7	Homo sapiens protein	ENSP00000378181	non-periodic	839
CERS2	CERS2	Homo sapiens protein	ENSP00000271688	non-periodic	840
PPP3CB	PPP3CB	Homo sapiens protein	ENSP00000378306	non-periodic	841
GPCPD1	GPCPD1	Homo sapiens protein	ENSP00000368305	non-periodic	842
SASS6	SASS6	Homo sapiens protein	ENSP00000287482	non-periodic	843
NCAPD3	NCAPD3	Homo sapiens protein	ENSP00000433681	non-periodic	844
SPINK4	SPINK4	Homo sapiens protein	ENSP00000369045	non-periodic	845
CA6	CA6	Homo sapiens protein	ENSP00000366662	non-periodic	846
PPIL2	PPIL2	Homo sapiens protein	ENSP00000390427	non-periodic	847
DIAPH3	DIAPH3	Homo sapiens protein	ENSP00000383178	non-periodic	848
SIVA1	SIVA1	Homo sapiens protein	ENSP00000329213	non-periodic	849
ADCY6	ADCY6	Homo sapiens protein	ENSP00000311405	non-periodic	850	G1
DDX21	DDX21	Homo sapiens protein	ENSP00000346120	non-periodic	851
FABP4	FABP4	Homo sapiens protein	ENSP00000256104	non-periodic	852
NCF2	NCF2	Homo sapiens protein	ENSP00000356505	non-periodic	853
HLCS	HLCS	Homo sapiens protein	ENSP00000338387	non-periodic	854
FGF2	FGF2	Homo sapiens protein	ENSP00000264498	non-periodic	855
GEMIN2	GEMIN2	Homo sapiens protein	ENSP00000308533	non-periodic	856
VPS13A	VPS13A	Homo sapiens protein	ENSP00000353422	non-periodic	857
DIRC2	DIRC2	Homo sapiens protein	ENSP00000261038	non-periodic	858
FAM107B	FAM107B	Homo sapiens protein	ENSP00000181796	non-periodic	859
PPP1R2	PPP1R2	Homo sapiens protein	ENSP00000328178	non-periodic	860
PPP1R3D	PPP1R3D	Homo sapiens protein	ENSP00000360035	non-periodic	861
TACC1	TACC1	Homo sapiens protein	ENSP00000321703	non-periodic	862
ZFR	ZFR	Homo sapiens protein	ENSP00000265069	non-periodic	863
DEFA1	DEFA1	Homo sapiens protein	ENSP00000372126	non-periodic	864
TMEM207	TMEM207	Homo sapiens protein	ENSP00000346981	non-periodic	865
LTN1	LTN1	Homo sapiens protein	ENSP00000373846	non-periodic	866
AQP3	AQP3	Homo sapiens protein	ENSP00000297991	non-periodic	867
MBD4	MBD4	Homo sapiens protein	ENSP00000249910	non-periodic	868
PSEN2	PSEN2	Homo sapiens protein	ENSP00000355747	non-periodic	869
FAF2	FAF2	Homo sapiens protein	ENSP00000261942	non-periodic	870
CDC42EP4	CDC42EP4	Homo sapiens protein	ENSP00000338258	non-periodic	871
TMED2	TMED2	Homo sapiens protein	ENSP00000262225	non-periodic	872
LPCAT4	LPCAT4	Homo sapiens protein	ENSP00000317300	non-periodic	873
RFXAP	RFXAP	Homo sapiens protein	ENSP00000255476	non-periodic	874
TTLL7	TTLL7	Homo sapiens protein	ENSP00000260505	non-periodic	875
PTAR1	PTAR1	Homo sapiens protein	ENSP00000344299	non-periodic	876
CLSTN1	CLSTN1	Homo sapiens protein	ENSP00000366513	non-periodic	877
TIPIN	TIPIN	Homo sapiens protein	ENSP00000261881	non-periodic	878
KATNA1	KATNA1	Homo sapiens protein	ENSP00000335106	non-periodic	879
TUBGCP6	TUBGCP6	Homo sapiens protein	ENSP00000248846	non-periodic	880	G2/M, M
GTF2A2	GTF2A2	Homo sapiens protein	ENSP00000379372	non-periodic	881
CEP350	CEP350	Homo sapiens protein	ENSP00000356579	non-periodic	882
ROCK2	ROCK2	Homo sapiens protein	ENSP00000317985	non-periodic	883
ISG20	ISG20	Homo sapiens protein	ENSP00000306565	non-periodic	884
PCDH20	PCDH20	Homo sapiens protein	ENSP00000386653	non-periodic	885
TRIM13	TRIM13	Homo sapiens protein	ENSP00000298772	non-periodic	886
DHRS12	DHRS12	Homo sapiens protein	ENSP00000280056	non-periodic	887
MYL7	MYL7	Homo sapiens protein	ENSP00000223364	non-periodic	888
RAB27A	RAB27A	Homo sapiens protein	ENSP00000337761	non-periodic	889
PAPOLA	PAPOLA	Homo sapiens protein	ENSP00000216277	non-periodic	890
POLE	POLE	Homo sapiens protein	ENSP00000322570	non-periodic	891	S
PHACTR4	PHACTR4	Homo sapiens protein	ENSP00000362942	non-periodic	892
SUPT7L	SUPT7L	Homo sapiens protein	ENSP00000336750	non-periodic	893
EAF1	EAF1	Homo sapiens protein	ENSP00000380054	non-periodic	894
GTPBP4	GTPBP4	Homo sapiens protein	ENSP00000354040	non-periodic	895
ARL4C	ARL4C	Homo sapiens protein	ENSP00000375057	non-periodic	896
PTGER3	PTGER3	Homo sapiens protein	ENSP00000349003	non-periodic	897
ME3	ME3	Homo sapiens protein	ENSP00000352657	non-periodic	898
PRR5L	PRR5L	Homo sapiens protein	ENSP00000368144	non-periodic	899
ROCK1	ROCK1	Homo sapiens protein	ENSP00000382697	non-periodic	900	G1
PES1	PES1	Homo sapiens protein	ENSP00000346725	non-periodic	901
PCID2	PCID2	Homo sapiens protein	ENSP00000337405	non-periodic	902
SNX4	SNX4	Homo sapiens protein	ENSP00000251775	non-periodic	903
IL4I1	IL4I1	Homo sapiens protein	ENSP00000342557	non-periodic	904
CHML	CHML	Homo sapiens protein	ENSP00000355511	non-periodic	905
POLR3C	POLR3C	Homo sapiens protein	ENSP00000334564	non-periodic	906
POC1A	POC1A	Homo sapiens protein	ENSP00000296484	non-periodic	907
UBE2G1	UBE2G1	Homo sapiens protein	ENSP00000380178	non-periodic	908
UBAP2	UBAP2	Homo sapiens protein	ENSP00000354039	non-periodic	909
F11R	F11R	Homo sapiens protein	ENSP00000289779	non-periodic	910	M
SLC7A5	SLC7A5	Homo sapiens protein	ENSP00000261622	non-periodic	911
MDM1	MDM1	Homo sapiens protein	ENSP00000302537	non-periodic	912
C3orf62	C3orf62	Homo sapiens protein	ENSP00000341139	non-periodic	913
DYNC1LI2	DYNC1LI2	Homo sapiens protein	ENSP00000258198	non-periodic	914
SATB1	SATB1	Homo sapiens protein	ENSP00000399518	non-periodic	915
SOCS3	SOCS3	Homo sapiens protein	ENSP00000330341	non-periodic	916
EIF4E	EIF4E	Homo sapiens protein	ENSP00000425561	non-periodic	917
IFNGR2	IFNGR2	Homo sapiens protein	ENSP00000290219	non-periodic	918
ST6GALNAC5	ST6GALNAC5	Homo sapiens protein	ENSP00000417583	non-periodic	919
ZYG11B	ZYG11B	Homo sapiens protein	ENSP00000294353	non-periodic	920	G1
ENSG00000162825	ENSG00000162825	Homo sapiens protein	ENSP00000358372	non-periodic	921
NBPF20	NBPF20	Homo sapiens protein	ENSP00000358203	non-periodic	922
NBPF10	NBPF10	Homo sapiens protein	ENSP00000345684	non-periodic	923
ATF7IP	ATF7IP	Homo sapiens protein	ENSP00000261168	non-periodic	924
ERAL1	ERAL1	Homo sapiens protein	ENSP00000254928	non-periodic	925
SLC2A14	SLC2A14	Homo sapiens protein	ENSP00000379834	non-periodic	926
DERL1	DERL1	Homo sapiens protein	ENSP00000259512	non-periodic	927
CCND3	CCND3	Homo sapiens protein	ENSP00000362082	non-periodic	928
AGPAT3	AGPAT3	Homo sapiens protein	ENSP00000291572	non-periodic	929
CWC25	CWC25	Homo sapiens protein	ENSP00000225428	non-periodic	930
KCNK1	KCNK1	Homo sapiens protein	ENSP00000355580	non-periodic	931
IGF1R	IGF1R	Homo sapiens protein	ENSP00000268035	non-periodic	932
ELOVL1	ELOVL1	Homo sapiens protein	ENSP00000361536	non-periodic	933
PIK3CD	PIK3CD	Homo sapiens protein	ENSP00000366563	non-periodic	934
RARG	RARG	Homo sapiens protein	ENSP00000377947	non-periodic	935
CDK2	CDK2	Homo sapiens protein	ENSP00000266970	non-periodic	936
AR	AR	Homo sapiens protein	ENSP00000363822	non-periodic	937
NDRG1	NDRG1	Homo sapiens protein	ENSP00000319977	non-periodic	938
COPG2	COPG2	Homo sapiens protein	ENSP00000393912	non-periodic	939
RYK	RYK	Homo sapiens protein	ENSP00000296084	non-periodic	940
INSIG1	INSIG1	Homo sapiens protein	ENSP00000344741	non-periodic	941
FAM76A	FAM76A	Homo sapiens protein	ENSP00000010299	non-periodic	942
SH3YL1	SH3YL1	Homo sapiens protein	ENSP00000348471	non-periodic	943
WIBG	WIBG	Homo sapiens protein	ENSP00000386156	non-periodic	944
EXO5	EXO5	Homo sapiens protein	ENSP00000296380	non-periodic	945
HIF3A	HIF3A	Homo sapiens protein	ENSP00000366898	non-periodic	946
ZNF462	ZNF462	Homo sapiens protein	ENSP00000277225	non-periodic	947
ZNF662	ZNF662	Homo sapiens protein	ENSP00000329264	non-periodic	948
CA9	CA9	Homo sapiens protein	ENSP00000367608	non-periodic	949	M
WHAMM	WHAMM	Homo sapiens protein	ENSP00000286760	non-periodic	950
KLF10	KLF10	Homo sapiens protein	ENSP00000285407	non-periodic	951
PDLIM7	PDLIM7	Homo sapiens protein	ENSP00000348099	non-periodic	952
NIPBL	NIPBL	Homo sapiens protein	ENSP00000282516	non-periodic	953
PLSCR1	PLSCR1	Homo sapiens protein	ENSP00000345494	non-periodic	954
NRBP1	NRBP1	Homo sapiens protein	ENSP00000233557	non-periodic	955
TBPL1	TBPL1	Homo sapiens protein	ENSP00000237264	non-periodic	956
SSR3	SSR3	Homo sapiens protein	ENSP00000265044	non-periodic	957
TMEM50B	TMEM50B	Homo sapiens protein	ENSP00000397773	non-periodic	958
EAF2	EAF2	Homo sapiens protein	ENSP00000273668	non-periodic	959
SLC35D3	SLC35D3	Homo sapiens protein	ENSP00000333591	non-periodic	960
EGFR	EGFR	Homo sapiens protein	ENSP00000275493	non-periodic	961
CYLC1	CYLC1	Homo sapiens protein	ENSP00000331556	non-periodic	962
DCLRE1A	DCLRE1A	Homo sapiens protein	ENSP00000355185	non-periodic	963
JUNB	JUNB	Homo sapiens protein	ENSP00000303315	non-periodic	964
CRLF3	CRLF3	Homo sapiens protein	ENSP00000318804	non-periodic	965
VAT1	VAT1	Homo sapiens protein	ENSP00000347872	non-periodic	966
BHLHB9	BHLHB9	Homo sapiens protein	ENSP00000354675	non-periodic	967
BRIP1	BRIP1	Homo sapiens protein	ENSP00000259008	non-periodic	968
TOP1	TOP1	Homo sapiens protein	ENSP00000354522	non-periodic	969
ANKRA2	ANKRA2	Homo sapiens protein	ENSP00000296785	non-periodic	970
ALDH1L2	ALDH1L2	Homo sapiens protein	ENSP00000258494	non-periodic	971
SLC46A3	SLC46A3	Homo sapiens protein	ENSP00000370192	non-periodic	972
WRNIP1	WRNIP1	Homo sapiens protein	ENSP00000370150	non-periodic	973
GDF15	GDF15	Homo sapiens protein	ENSP00000252809	non-periodic	974
ENSA	ENSA	Homo sapiens protein	ENSP00000341743	non-periodic	975
SOD2	SOD2	Homo sapiens protein	ENSP00000356022	non-periodic	976
USP10	USP10	Homo sapiens protein	ENSP00000219473	non-periodic	977
ILF2	ILF2	Homo sapiens protein	ENSP00000355011	non-periodic	978
DYRK1A	DYRK1A	Homo sapiens protein	ENSP00000381932	non-periodic	979
RAD51	RAD51	Homo sapiens protein	ENSP00000372088	non-periodic	980
HERPUD2	HERPUD2	Homo sapiens protein	ENSP00000310729	non-periodic	981
TAP1	TAP1	Homo sapiens protein	ENSP00000346206	non-periodic	982
ENSP00000372722	ENSP00000372722	Homo sapiens protein	ENSP00000372722	non-periodic	983
KCTD2	KCTD2	Homo sapiens protein	ENSP00000312814	non-periodic	984
CEP85	CEP85	Homo sapiens protein	ENSP00000252992	non-periodic	985	G2
SHC1	SHC1	Homo sapiens protein	ENSP00000401303	non-periodic	986
PDIA4	PDIA4	Homo sapiens protein	ENSP00000286091	non-periodic	987
CATSPERG	CATSPERG	Homo sapiens protein	ENSP00000386962	non-periodic	988
TAGLN	TAGLN	Homo sapiens protein	ENSP00000278968	non-periodic	989
SLC16A5	SLC16A5	Homo sapiens protein	ENSP00000330141	non-periodic	990
RNF115	RNF115	Homo sapiens protein	ENSP00000358297	non-periodic	991
MTSS1	MTSS1	Homo sapiens protein	ENSP00000429064	non-periodic	992
APOH	APOH	Homo sapiens protein	ENSP00000205948	non-periodic	993
AQP4	AQP4	Homo sapiens protein	ENSP00000372654	non-periodic	994
RBM19	RBM19	Homo sapiens protein	ENSP00000261741	non-periodic	995
C1S	C1S	Homo sapiens protein	ENSP00000328173	non-periodic	996
BPNT1	BPNT1	Homo sapiens protein	ENSP00000318852	non-periodic	997
RIMKLB	RIMKLB	Homo sapiens protein	ENSP00000350136	non-periodic	998
SRSF2	SRSF2	Homo sapiens protein	ENSP00000353089	non-periodic	999
OSGIN2	OSGIN2	Homo sapiens protein	ENSP00000396445	non-periodic	1000	G1
